{"id": "yitu-d5am", "name": "Film Locations in San Francisco", "attribution": "San Francisco Film Commission", "attributionLink": "http://www.filmsf.org/", "averageRating": 0, "category": "Culture and Recreation", "createdAt": 1320948813, "description": "If you love movies, and you love San Francisco, you're bound to love this -- a listing of filming locations of movies shot in San Francisco starting from 1924. You'll find the titles, locations, fun facts, names of the director, writer, actors, and studio for most of these films.", "displayType": "table", "downloadCount": 74439, "hideFromCatalog": false, "hideFromDataJson": false, "indexUpdatedAt": 1565804752, "licenseId": "PDDL", "newBackend": true, "numberOfComments": 10, "oid": 27112153, "provenance": "official", "publicationAppendEnabled": false, "publicationDate": 1509143512, "publicationGroup": 251717, "publicationStage": "published", "rowsUpdatedAt": 1565804748, "rowsUpdatedBy": "qp74-qyt9", "tableId": 14566500, "totalTimesRated": 0, "viewCount": 195399, "viewLastModified": 1567803777, "viewType": "tabular", "approvals": [{"reviewedAt": 1509143512, "reviewedAutomatically": true, "state": "approved", "submissionId": 647116, "submissionObject": "public_audience_request", "submissionOutcome": "change_audience", "submittedAt": 1509143512, "workflowId": 2017, "submissionDetails": {"permissionType": "READ"}, "submissionOutcomeApplication": {"failureCount": 0, "status": "success"}, "submitter": {"id": "qp74-qyt9", "displayName": "Film SF"}}], "columns": [{"id": 327253222, "name": "Title", "dataTypeName": "text", "fieldName": "title", "position": 1, "renderTypeName": "text", "tableColumnId": 1671601, "width": 160, "cachedContents": {"largest": "Zodiac", "non_null": 3414, "null": 0, "top": [{"item": "Looking", "count": 20}, {"item": "Murder in the First, Season 1", "count": 19}, {"item": "Pushing Dead", "count": 18}, {"item": "Quitters", "count": 17}, {"item": "San Andreas", "count": 16}, {"item": "Sense8", "count": 15}, {"item": "Sense8 - Season 2", "count": 14}, {"item": "Smile Again, Jenny Lee", "count": 13}, {"item": "So I Married an Axe Murderer", "count": 12}, {"item": "Summertime", "count": 11}, {"item": "Terminator - Genisys", "count": 10}, {"item": "The Bachelor", "count": 9}, {"item": "The Conversation", "count": 8}, {"item": "The Dead Pool", "count": 7}, {"item": "The Diary of a Teenage Girl", "count": 6}, {"item": "The Game", "count": 5}, {"item": "The Presidio", "count": 4}, {"item": "The Princess Diaries", "count": 3}, {"item": "The Rock", "count": 2}, {"item": "The Towering Inferno", "count": 1}], "smallest": "180"}, "format": {"align": "left"}}, {"id": 327253223, "name": "Release Year", "dataTypeName": "number", "fieldName": "release_year", "position": 2, "renderTypeName": "number", "tableColumnId": 1671602, "width": 244, "cachedContents": {"largest": "2019", "non_null": 3414, "average": "1999.609841827768", "null": 0, "top": [{"item": "1978", "count": 20}, {"item": "1997", "count": 19}, {"item": "1985", "count": 18}, {"item": "2014", "count": 17}, {"item": "2015", "count": 16}, {"item": "1998", "count": 15}, {"item": "2017", "count": 14}, {"item": "1992", "count": 13}, {"item": "2000", "count": 12}, {"item": "1999", "count": 11}, {"item": "2013", "count": 10}, {"item": "2016", "count": 9}, {"item": "1968", "count": 8}, {"item": "2001", "count": 7}, {"item": "1995", "count": 6}, {"item": "1971", "count": 5}, {"item": "1996", "count": 4}, {"item": "1993", "count": 3}, {"item": "1994", "count": 2}, {"item": "1974", "count": 1}], "smallest": "1915", "sum": "6826668"}, "format": {"precisionStyle": "standard", "noCommas": "true", "align": "right"}}, {"id": 327253224, "name": "Locations", "dataTypeName": "text", "fieldName": "locations", "position": 3, "renderTypeName": "text", "tableColumnId": 1671603, "width": 208, "cachedContents": {"largest": "Z Space Studios; 450 Florida St.", "non_null": 3306, "null": 108, "top": [{"item": "Pier 7", "count": 20}, {"item": "Chateau Tivoli, 1057 Steiner St", "count": 19}, {"item": "Innes and Arelious Walker", "count": 18}, {"item": "4704 3rd St", "count": 17}, {"item": "Forest Hill MUNI Station", "count": 16}, {"item": "Market/Portola btwn O'Shaughnessy and Castro", "count": 15}, {"item": "Innes turning into Evans Ave", "count": 14}, {"item": "3rd St btwn Evans and Oakdale", "count": 13}, {"item": "Oakdale btwn 3rd and Bayshore", "count": 12}, {"item": "959 South Van Ness Ave", "count": 11}, {"item": "Shotwell St btwn 20th and 21st St", "count": 10}, {"item": "Ford's Grocery Store, 1496 Oakdale Ave", "count": 9}, {"item": "Hotel Metropolis, 25 Mason St", "count": 8}, {"item": "Evans Ave/Hunters Pt Bvld btwn Keith and Hawes St", "count": 7}, {"item": "Illinois St btwn Marin and Amador", "count": 6}, {"item": "Portola Rose Garden, 598 Hamilton St at Woolsey St", "count": 5}, {"item": "Castro and Market", "count": 4}, {"item": "Eddy St btwn Leavenworth and Hyde St", "count": 3}, {"item": "California Street Hill btwn Jones and Larkin", "count": 2}, {"item": "California St and Gough btwn Geary and Jones", "count": 1}], "smallest": "\"Metzger's Apt\" 151 Alice B. Toklas Pl."}, "format": {}}, {"id": 327253225, "name": "Fun Facts", "dataTypeName": "text", "fieldName": "fun_facts", "position": 4, "renderTypeName": "text", "tableColumnId": 1671604, "width": 208, "cachedContents": {"largest": "With 23 miles of ladders and 300,000 rivets in each tower, the Golden Gate Bridge was the world's longest span when it opened in 1937.", "non_null": 898, "null": 2516, "top": [{"item": "In 1945 the Fairmont hosted the United Nations Conference on International Organization as delegates arrived to draft a charter for the organization. The U.S. Secretary of State, Edward Stettinius drafted the charter in the hotel's Garden Room.", "count": 20}, {"item": "The dome of SF's City Hall is almost a foot taller than that of the US Capitol Building. In 1954, Joe DiMaggio and Marilyn Monroe married at the Beaux Arts-style building.", "count": 19}, {"item": "With 23 miles of ladders and 300,000 rivets in each tower, the Golden Gate Bridge was the world's longest span when it opened in 1937.", "count": 18}, {"item": "Driving shots", "count": 17}, {"item": "An artificial island, Treasure Island was created for the 1939 Golden Gate International Exposition, and is named after the novel by Robert Louis Stevenson, a one-time San Francisco resident.", "count": 16}, {"item": "Every hour and half-hour, the clock bell atop the Ferry Building chimes portions of the Westminster Quarters.", "count": 15}, {"item": "First established in the mid-19th Century, SF's Chinatown is the oldest and largest Chinatown in the US.", "count": 14}, {"item": "Though Marilyn Monroe and Joe DiMaggio were not allowed to be married at the Church (DiMaggio had married his first wife at the Church but was divorced), the couple returned to the steps of the Church for photos, following their City Hall nuptials.", "count": 13}, {"item": "The Tower was funded by a gift bequeathed by Lillie Hitchcock Coit, a socialite who reportedly liked to chase fires. Though the tower resembles a firehose nozzle, it was not designed this way.", "count": 12}, {"item": "The original Palace was built for the 1915 Panama-Pacific Exposition, and completely destroyed in 1964. It was rebuilt in 1965.", "count": 11}, {"item": "Golden Gate Park is similar in shape but 20% larger than New York's Central Park.", "count": 10}, {"item": "VFX Plate Shots", "count": 9}, {"item": "VFX and B-roll Shots", "count": 8}, {"item": "Stunt scene involving car flip", "count": 7}, {"item": "Stunt scene involving weaving car", "count": 6}, {"item": "Stunt driving scene", "count": 5}, {"item": "Stunt scene involving car jump", "count": 4}, {"item": "Location of film headquarters", "count": 3}, {"item": "Car stunt scene", "count": 2}, {"item": "The film won Best Narrative Feature at the San Diego Asian Film Festival.", "count": 1}], "smallest": "3 characters run out of stadium, there is a group of people on the sidewalk, an earthquake hits, and they duck for cover"}, "format": {}}, {"id": 327253226, "name": "Production Company", "dataTypeName": "text", "fieldName": "production_company", "position": 5, "renderTypeName": "text", "tableColumnId": 1671605, "width": 316, "cachedContents": {"largest": "Zee Films", "non_null": 3414, "null": 0, "top": [{"item": "Paramount Pictures", "count": 20}, {"item": "Warner Bros. Pictures", "count": 19}, {"item": "TVM Productions", "count": 18}, {"item": "Mission Street Productions, LLC", "count": 17}, {"item": "Turner North Center Productions", "count": 16}, {"item": "Unpronounceable Productions, LLC", "count": 15}, {"item": "TVM Productions Inc.", "count": 14}, {"item": "The Malpaso Company", "count": 13}, {"item": "Po Valley Productions, LLC", "count": 12}, {"item": "Columbia Pictures Corporation", "count": 11}, {"item": "Twentieth Century Fox Film Corporation", "count": 10}, {"item": "Pushing Dead , LLC", "count": 9}, {"item": "Frederick & Ashbury, LLC.", "count": 8}, {"item": "Upside Down Productions, Inc.", "count": 7}, {"item": "Carlo Caldana/Marguery Films", "count": 6}, {"item": "TriStar Pictures", "count": 5}, {"item": "Creative Monster Productions, Inc.", "count": 4}, {"item": "T5 Productions LLC", "count": 3}, {"item": "George Street Pictures", "count": 2}, {"item": "American Zoetrope", "count": 1}], "smallest": "1492 Pictures"}, "format": {}}, {"id": 327253227, "name": "Distributor", "dataTypeName": "text", "fieldName": "distributor", "position": 6, "renderTypeName": "text", "tableColumnId": 1671606, "width": 232, "cachedContents": {"largest": "Zealot Pictures", "non_null": 3218, "null": 196, "top": [{"item": "Paramount Pictures", "count": 20}, {"item": "Columbia Pictures", "count": 19}, {"item": "Warner Bros. Pictures", "count": 18}, {"item": "Twentieth Century Fox Film Corporation", "count": 17}, {"item": "Twentieth Century Fox Film Corp.", "count": 16}, {"item": "Walt Disney Studios Motion Pictures", "count": 15}, {"item": "HBO", "count": 14}, {"item": "United Artists", "count": 13}, {"item": "TriStar Pictures", "count": 12}, {"item": "Buena Vista Pictures", "count": 11}, {"item": "Sony Pictures Classics", "count": 10}, {"item": "Warner Brothers", "count": 9}, {"item": "HULU", "count": 8}, {"item": "Hulu", "count": 7}, {"item": "Universal Pictures", "count": 6}, {"item": "TBD", "count": 5}, {"item": "American Broadcasting Company (ABC)", "count": 4}, {"item": "Netflix", "count": 3}, {"item": "Home Box Office (HBO)", "count": 2}, {"item": "Turner Network Television (TNT)", "count": 1}], "smallest": "01 Distribution"}, "format": {}}, {"id": 327253228, "name": "Director", "dataTypeName": "text", "fieldName": "director", "position": 7, "renderTypeName": "text", "tableColumnId": 1671607, "width": 196, "cachedContents": {"largest": "Zal Batmanglij", "non_null": 3414, "null": 0, "top": [{"item": "Andrew Haigh", "count": 20}, {"item": "Steven Bochcho", "count": 19}, {"item": "Oded Binnun/ Michel Brezis", "count": 18}, {"item": "Philip Kaufman", "count": 17}, {"item": "Chris Columbus", "count": 16}, {"item": "Tom Brown", "count": 15}, {"item": "Noah Pritzker", "count": 14}, {"item": "Brad Peyton", "count": 13}, {"item": "The Wachowskis", "count": 12}, {"item": "Wachowski Siblings", "count": 11}, {"item": "Carlo Caldana", "count": 10}, {"item": "Thomas Schlamme", "count": 9}, {"item": "Gabriele Muccino", "count": 8}, {"item": "Alan Taylor", "count": 7}, {"item": "Gary Sinyor", "count": 6}, {"item": "Francis Ford Coppola", "count": 5}, {"item": "Buddy Van Horn", "count": 4}, {"item": "Marielle Heller", "count": 3}, {"item": "David Fincher", "count": 2}, {"item": "Garry Marshall", "count": 1}], "smallest": "Adam Shankman"}, "format": {}}, {"id": 327253229, "name": "Writer", "dataTypeName": "text", "fieldName": "writer", "position": 8, "renderTypeName": "text", "tableColumnId": 1671608, "width": 172, "cachedContents": {"largest": "Zal Batmanglij, Brit Marling", "non_null": 3412, "null": 2, "top": [{"item": "Woody Allen", "count": 20}, {"item": "Michael Lannan", "count": 19}, {"item": "Eric Lodal", "count": 18}, {"item": "Harry Julian Fink", "count": 17}, {"item": "Alexandra Cunningham", "count": 16}, {"item": "Sarah Bellwood, Michal Lali Kagan, Michael McGowan Amital Stern, Jose Luis Sampedro", "count": 15}, {"item": "Colin Higgins", "count": 14}, {"item": "Tom Brown", "count": 13}, {"item": "Allan Loeb", "count": 12}, {"item": "The Wachowskis", "count": 11}, {"item": "J. Michael Straczynski, Wachowiski Siblings", "count": 10}, {"item": "Linda Demetrick", "count": 9}, {"item": "Gabriele Muccino", "count": 8}, {"item": "James Cameron", "count": 7}, {"item": "Steve Cohen", "count": 6}, {"item": "Marielle Heller", "count": 5}, {"item": "Stirling Silliphant", "count": 4}, {"item": "John Brancato", "count": 3}, {"item": "Larry Ferguson", "count": 2}, {"item": "Pamela Falk", "count": 1}], "smallest": "Aaron Sorkin"}, "format": {}}, {"id": 327253230, "name": "Actor 1", "dataTypeName": "text", "fieldName": "actor_1", "position": 9, "renderTypeName": "text", "tableColumnId": 1671609, "width": 184, "cachedContents": {"largest": "Zasu Pitts", "non_null": 3406, "null": 8, "top": [{"item": "Michael Douglas", "count": 20}, {"item": "Hugh Laurie", "count": 19}, {"item": "Clint Eastwood", "count": 18}, {"item": "Jonathan Groff", "count": 17}, {"item": "Taye Diggs", "count": 16}, {"item": "Jamie Clayton", "count": 15}, {"item": "Brian Cox", "count": 14}, {"item": "Danny Glover", "count": 13}, {"item": "Kara Hayward", "count": 12}, {"item": "Dwayne Johnson", "count": 11}, {"item": "Craig Tsuyumine", "count": 10}, {"item": "Mike Myers", "count": 9}, {"item": "William Shatner", "count": 8}, {"item": "Michael Fassbender", "count": 7}, {"item": "Jessica Rothe", "count": 6}, {"item": "Arnold Schwarzenegger", "count": 5}, {"item": "Chris O'Donnell", "count": 4}, {"item": "Gene Hackman", "count": 3}, {"item": "Alexander Skarsgard", "count": 2}, {"item": "Sean Connery", "count": 1}], "smallest": "Aaron Eckhart"}, "format": {}}, {"id": 327253231, "name": "Actor 2", "dataTypeName": "text", "fieldName": "actor_2", "position": 10, "renderTypeName": "text", "tableColumnId": 1671610, "width": 184, "cachedContents": {"largest": "Yul Brynner", "non_null": 3228, "null": 186, "top": [{"item": "Gretchen Mol", "count": 20}, {"item": "Frankie J. Alvarez", "count": 19}, {"item": "Frankie Alvarez", "count": 18}, {"item": "Kathleen Robertson", "count": 17}, {"item": "Roseanne Arquette", "count": 16}, {"item": "James Roday", "count": 15}, {"item": "Mira Sorvino", "count": 14}, {"item": "Daryl Hannah", "count": 13}, {"item": "Puneet Prasad", "count": 12}, {"item": "Nancy Travis", "count": 11}, {"item": "Scott Bakula", "count": 10}, {"item": "Jason Clarke", "count": 9}, {"item": "Renee Zellweger", "count": 8}, {"item": "Liam Neeson", "count": 7}, {"item": "Kristen Wiig", "count": 6}, {"item": "Sean Penn", "count": 5}, {"item": "Mark Harmon", "count": 4}, {"item": "Anne Hathway", "count": 3}, {"item": "Nicolas Cage", "count": 2}, {"item": "Paul Newman", "count": 1}], "smallest": "Aaliyah"}, "format": {}}, {"id": 327253232, "name": "Actor 3", "dataTypeName": "text", "fieldName": "actor_3", "position": 11, "renderTypeName": "text", "tableColumnId": 1671611, "width": 184, "cachedContents": {"largest": "Zachary Quinto", "non_null": 2470, "null": 944, "top": [{"item": "Peter Sarsgaard", "count": 20}, {"item": "Robert Vaughn", "count": 19}, {"item": "Ethan Suplee", "count": 18}, {"item": "Thora Birch", "count": 17}, {"item": "Burgess Meredith", "count": 16}, {"item": "Murray Bartlett", "count": 15}, {"item": "Ian Anthony Dale", "count": 14}, {"item": "Larry Kitagawa", "count": 13}, {"item": "Patricia Clarkson", "count": 12}, {"item": "David Warner", "count": 11}, {"item": "Amanda Rea", "count": 10}, {"item": "Brooke Adams", "count": 9}, {"item": "Mitchell Ryan", "count": 8}, {"item": "Robin Williams", "count": 7}, {"item": "Robin Weigert", "count": 6}, {"item": "Saffron Burrows", "count": 5}, {"item": "Clifton Collins Jr.", "count": 4}, {"item": "Naveen Andrews", "count": 3}, {"item": "George Takei", "count": 2}, {"item": "Seth Rogen", "count": 1}], "smallest": "Allen Garfield"}, "format": {}}], "grants": [{"inherited": false, "type": "viewer", "flags": ["public"]}], "license": {"name": "Open Data Commons Public Domain Dedication and License", "termsLink": "http://opendatacommons.org/licenses/pddl/1.0/"}, "metadata": {"rdfSubject": "0", "jsonQuery": {"order": [{"columnFieldName": "title", "ascending": true}]}, "custom_fields": {"Department Metrics": {"Publishing Department": "Film Commission"}, "Detailed Descriptive": {"Data notes": "Contains general location (Point of Interest) but not standard addresses", "Geographic unit": "Other"}, "Publishing Details": {"Data change frequency": "Weekly", "Publishing frequency": "Annually"}}, "availableDisplayTypes": ["table", "fatrow", "page"], "rowLabel": "Row", "renderTypeConfig": {"visible": {"table": true}}}, "owner": {"id": "qp74-qyt9", "displayName": "Film SF", "profileImageUrlLarge": "/api/users/qp74-qyt9/profile_images/LARGE", "profileImageUrlMedium": "/api/users/qp74-qyt9/profile_images/THUMB", "profileImageUrlSmall": "/api/users/qp74-qyt9/profile_images/TINY", "screenName": "Film SF", "type": "interactive", "userSegment": "site_member"}, "query": {"orderBys": [{"ascending": true, "expression": {"columnId": 327253222, "type": "column"}}]}, "rights": ["read"], "tableAuthor": {"id": "qp74-qyt9", "displayName": "Film SF", "profileImageUrlLarge": "/api/users/qp74-qyt9/profile_images/LARGE", "profileImageUrlMedium": "/api/users/qp74-qyt9/profile_images/THUMB", "profileImageUrlSmall": "/api/users/qp74-qyt9/profile_images/TINY", "screenName": "Film SF", "type": "interactive", "userSegment": "site_member"}, "tags": ["film", "locations", "movies", "actors", "directors"], "flags": ["default", "restorable", "restorePossibleForType"]}